i-am-legend,0.266913
lower-city,0.0991032
repo-men,0.0991032
elysium,0.0991032
